customer_id,churn_month,market,segment,plan,tenure_months,mrr_lost,churn_reason_category
SLEEK-0003,2024-02,SG,Startup,Starter,12,74.95,Product
SLEEK-0005,2023-04,SG,SME,Growth,15,754.69,Price
SLEEK-0010,2024-02,HK,Startup,Growth,8,293.11,Price
SLEEK-0013,2024-02,AU,Startup,Starter,15,85.03,Price
SLEEK-0016,2022-11,SG,Startup,Starter,9,74.63,Product
SLEEK-0019,2024-08,SG,Corporate,Growth,29,3026.69,Competition
SLEEK-0021,2023-04,SG,SME,Growth,3,704.41,Unknown
SLEEK-0022,2024-05,SG,Startup,Growth,28,374.2,Price
SLEEK-0024,2024-11,AU,Corporate,Full Compliance,34,3396.36,Competition
SLEEK-0027,2024-03,SG,Startup,Starter,14,75.36,Price
SLEEK-0028,2023-08,HK,SME,Starter,2,69.55,Competition
SLEEK-0033,2022-12,HK,Startup,Starter,8,70.53,Product
SLEEK-0035,2024-02,UK,Startup,Growth,1,267.03,Price
SLEEK-0046,2023-01,SG,SME,Growth,3,1195.25,Price
SLEEK-0051,2024-11,SG,Startup,Full Compliance,12,544.21,Product
SLEEK-0058,2024-09,SG,SME,Full Compliance,30,455.95,Product
SLEEK-0059,2022-06,SG,Startup,Starter,4,74.68,Price
SLEEK-0061,2022-04,SG,Startup,Growth,3,326.1,Product
SLEEK-0073,2024-01,HK,Startup,Growth,6,296.72,Competition
SLEEK-0077,2024-07,SG,SME,Growth,5,978.87,Price
SLEEK-0083,2023-12,HK,Startup,Growth,21,240.79,Competition
SLEEK-0086,2024-03,SG,Startup,Full Compliance,19,268.03,Product
SLEEK-0087,2024-08,HK,Startup,Growth,4,412.82,Price
SLEEK-0090,2024-12,SG,Startup,Full Compliance,34,596.27,Price
SLEEK-0091,2024-01,SG,SME,Starter,5,74.96,Unknown
SLEEK-0097,2023-09,SG,SME,Growth,7,893.51,Product
SLEEK-0098,2023-09,HK,SME,Growth,18,912.23,Product
SLEEK-0099,2022-12,UK,SME,Growth,3,613.8,Price
SLEEK-0100,2023-10,HK,Corporate,Growth,18,3182.8,Competition
SLEEK-0102,2023-09,HK,Startup,Growth,20,353.05,Price
SLEEK-0103,2024-06,SG,Startup,Starter,11,75.35,Competition
SLEEK-0105,2024-01,HK,Startup,Full Compliance,21,502.82,Product
SLEEK-0106,2024-10,AU,Startup,Growth,19,429.2,Product
SLEEK-0107,2022-09,AU,SME,Full Compliance,2,1540.96,Unknown
SLEEK-0115,2024-01,SG,SME,Full Compliance,1,858.24,Product
SLEEK-0119,2022-11,SG,Startup,Starter,7,75.18,Product
SLEEK-0125,2024-07,SG,SME,Starter,9,75.11,Competition
SLEEK-0126,2023-10,AU,SME,Full Compliance,7,1567.51,Product
SLEEK-0127,2023-04,SG,SME,Full Compliance,15,745.99,Unknown
SLEEK-0130,2023-02,SG,Startup,Growth,4,400.6,Product
SLEEK-0131,2024-02,HK,SME,Starter,7,69.99,Competition
SLEEK-0132,2023-09,SG,Startup,Full Compliance,6,544.37,Price
SLEEK-0134,2024-12,SG,Startup,Growth,29,123.05,Price
SLEEK-0136,2024-12,AU,Startup,Growth,2,436.76,Price
SLEEK-0139,2024-03,AU,SME,Starter,2,84.86,Price
SLEEK-0140,2024-08,HK,Startup,Starter,9,70.25,Price
SLEEK-0141,2023-02,SG,Startup,Starter,3,74.98,Price
SLEEK-0142,2023-05,HK,SME,Full Compliance,5,1380.9,Product
SLEEK-0144,2023-01,HK,SME,Growth,9,458.69,Product
SLEEK-0146,2022-11,SG,SME,Growth,8,527.57,Product
SLEEK-0152,2022-11,HK,Startup,Starter,5,70.38,Price
SLEEK-0153,2024-04,AU,SME,Full Compliance,5,977.67,Price
SLEEK-0154,2024-10,SG,SME,Growth,8,1096.46,Product
SLEEK-0157,2023-10,HK,Startup,Growth,8,382.53,Unknown
SLEEK-0159,2024-12,SG,Startup,Full Compliance,28,522.53,Product
SLEEK-0160,2024-03,SG,Corporate,Growth,15,3850.54,Competition
SLEEK-0166,2023-10,HK,SME,Growth,4,825.73,Price
SLEEK-0170,2024-07,AU,Startup,Growth,27,340.18,Product
SLEEK-0174,2024-09,HK,SME,Growth,5,434.61,Price
SLEEK-0178,2022-12,SG,Corporate,Full Compliance,4,3638.22,Product
SLEEK-0184,2024-11,SG,Startup,Starter,23,74.88,Unknown
SLEEK-0187,2023-02,HK,SME,Full Compliance,11,1155.06,Product
SLEEK-0191,2023-04,SG,Startup,Full Compliance,12,591.45,Product
SLEEK-0194,2023-04,SG,Startup,Growth,15,324.35,Product
SLEEK-0197,2023-12,SG,Startup,Starter,6,74.47,Competition
SLEEK-0199,2022-10,HK,SME,Growth,8,805.05,Competition
SLEEK-0201,2024-02,SG,Startup,Growth,23,376.87,Price
SLEEK-0202,2024-04,SG,Startup,Starter,19,75.01,Price
SLEEK-0203,2023-08,HK,SME,Growth,2,952.86,Unknown
SLEEK-0210,2024-03,SG,SME,Full Compliance,18,956.56,Product
SLEEK-0213,2024-05,HK,Startup,Growth,18,240.67,Price
SLEEK-0215,2024-02,HK,Startup,Full Compliance,13,445.72,Unknown
SLEEK-0221,2024-02,SG,SME,Full Compliance,6,815.56,Unknown
SLEEK-0224,2024-02,UK,Startup,Starter,19,64.93,Price
SLEEK-0228,2024-09,SG,Startup,Growth,7,247.57,Product
SLEEK-0231,2023-11,SG,SME,Growth,6,682.4,Product
SLEEK-0237,2022-10,HK,SME,Starter,8,70.38,Unknown
SLEEK-0240,2024-08,AU,Startup,Starter,10,85.14,Product
SLEEK-0242,2023-06,SG,SME,Growth,3,1169.48,Product
SLEEK-0246,2024-10,SG,Startup,Full Compliance,28,555.96,Price
SLEEK-0254,2022-09,SG,SME,Growth,1,968.08,Product
SLEEK-0256,2022-11,SG,Startup,Starter,9,75.46,Price
SLEEK-0257,2023-06,SG,Startup,Starter,12,74.99,Product
SLEEK-0260,2023-06,HK,SME,Starter,10,69.94,Unknown
SLEEK-0261,2023-09,AU,Startup,Starter,11,84.82,Price
SLEEK-0262,2024-10,SG,Corporate,Full Compliance,26,3930.53,Product
SLEEK-0263,2024-02,SG,Startup,Full Compliance,3,456.45,Unknown
SLEEK-0267,2024-10,HK,Startup,Full Compliance,7,444.8,Product
SLEEK-0268,2024-07,SG,Startup,Starter,9,74.77,Price
SLEEK-0271,2022-08,SG,SME,Starter,5,75.4,Price
SLEEK-0274,2024-11,HK,Startup,Starter,21,70.05,Price
SLEEK-0277,2024-02,UK,SME,Starter,10,64.94,Product
SLEEK-0279,2024-04,UK,Startup,Starter,13,65.06,Competition
SLEEK-0281,2022-12,SG,Startup,Growth,9,273.91,Price
SLEEK-0283,2022-12,HK,Corporate,Full Compliance,9,3044.98,Price
SLEEK-0289,2024-07,AU,SME,Growth,12,600.66,Product
SLEEK-0291,2024-09,AU,Startup,Growth,8,370.84,Unknown
SLEEK-0296,2023-02,AU,SME,Growth,7,701.92,Product
SLEEK-0298,2023-09,HK,Startup,Growth,14,297.35,Competition
SLEEK-0300,2024-10,SG,Startup,Starter,2,73.79,Unknown
SLEEK-0301,2024-01,HK,Startup,Growth,3,267.33,Price
SLEEK-0302,2022-09,HK,SME,Full Compliance,7,1489.39,Competition
SLEEK-0305,2024-08,HK,Startup,Starter,27,70.14,Product
SLEEK-0307,2023-10,SG,SME,Full Compliance,21,1117.76,Product
SLEEK-0312,2024-11,AU,SME,Growth,4,753.0,Product
SLEEK-0313,2024-10,SG,Startup,Starter,18,75.15,Product
SLEEK-0318,2024-10,UK,SME,Growth,10,979.16,Price
SLEEK-0325,2023-04,HK,Startup,Starter,6,70.06,Price
SLEEK-0326,2023-01,SG,Startup,Growth,5,397.98,Product
SLEEK-0329,2024-04,SG,Startup,Starter,3,74.59,Unknown
SLEEK-0330,2022-06,SG,Startup,Starter,5,74.02,Unknown
SLEEK-0332,2023-07,HK,SME,Full Compliance,17,1482.67,Competition
SLEEK-0340,2024-07,SG,Startup,Growth,8,374.3,Product
SLEEK-0343,2023-10,HK,Corporate,Full Compliance,7,2656.91,Product
SLEEK-0345,2023-07,HK,SME,Starter,1,70.05,Competition
SLEEK-0354,2023-01,HK,Startup,Starter,6,69.83,Unknown
SLEEK-0358,2023-10,UK,SME,Starter,2,64.95,Product
SLEEK-0359,2024-07,AU,Startup,Starter,26,85.06,Product
SLEEK-0361,2024-06,HK,Corporate,Full Compliance,22,3434.38,Competition
SLEEK-0365,2023-12,AU,Startup,Starter,17,85.44,Price
SLEEK-0367,2024-09,SG,SME,Starter,20,74.76,Competition
SLEEK-0373,2023-12,HK,SME,Starter,17,69.89,Product
SLEEK-0374,2023-08,HK,SME,Growth,12,971.51,Price
SLEEK-0375,2024-03,AU,Startup,Starter,6,85.55,Product
SLEEK-0377,2023-02,SG,Startup,Starter,4,74.58,Price
SLEEK-0379,2024-07,SG,Startup,Growth,28,274.04,Price
SLEEK-0391,2024-10,HK,SME,Growth,26,1248.44,Price
SLEEK-0396,2023-10,HK,Corporate,Full Compliance,16,2321.93,Unknown
SLEEK-0402,2023-05,AU,SME,Growth,8,1285.56,Unknown
SLEEK-0405,2024-04,AU,SME,Full Compliance,27,1528.73,Competition
SLEEK-0411,2023-09,AU,Startup,Starter,6,85.16,Price
SLEEK-0414,2024-12,AU,SME,Full Compliance,5,1483.04,Price
SLEEK-0423,2023-08,HK,SME,Growth,4,905.08,Competition
SLEEK-0426,2023-11,AU,Startup,Starter,9,85.61,Unknown
SLEEK-0428,2024-06,SG,Startup,Growth,20,300.48,Price
SLEEK-0430,2023-07,SG,Startup,Starter,8,75.08,Product
SLEEK-0431,2023-09,HK,Corporate,Growth,20,3599.6,Price
SLEEK-0434,2022-09,AU,Startup,Starter,2,84.13,Competition
SLEEK-0435,2024-08,HK,Startup,Growth,17,353.19,Competition
SLEEK-0437,2024-11,SG,SME,Growth,33,299.76,Price
SLEEK-0438,2023-10,SG,SME,Full Compliance,13,572.41,Product
SLEEK-0439,2023-08,AU,Startup,Starter,12,84.96,Product
SLEEK-0440,2023-04,AU,Startup,Starter,13,84.95,Price
SLEEK-0442,2023-08,UK,Startup,Starter,10,64.78,Unknown
SLEEK-0445,2023-08,HK,Startup,Starter,15,69.87,Product
SLEEK-0449,2023-05,SG,Startup,Growth,12,373.88,Price
SLEEK-0450,2024-03,AU,Startup,Growth,25,400.13,Product
SLEEK-0451,2024-12,SG,SME,Growth,15,844.7,Competition
SLEEK-0452,2023-05,SG,Startup,Full Compliance,16,618.63,Price
SLEEK-0453,2023-06,HK,Startup,Growth,8,270.99,Price
SLEEK-0454,2024-01,AU,Startup,Starter,9,84.72,Unknown
SLEEK-0455,2022-07,SG,Corporate,Full Compliance,5,3737.04,Competition
SLEEK-0458,2023-06,SG,Startup,Growth,17,323.17,Price
SLEEK-0460,2022-08,SG,Startup,Starter,7,75.2,Product
SLEEK-0462,2024-01,SG,SME,Starter,11,75.35,Price
SLEEK-0463,2024-01,SG,SME,Growth,9,1206.22,Price
SLEEK-0465,2024-09,AU,Startup,Growth,32,401.88,Price
SLEEK-0467,2024-10,SG,Startup,Starter,7,74.42,Product
SLEEK-0475,2024-07,SG,SME,Starter,30,75.26,Price
SLEEK-0476,2024-12,AU,Startup,Starter,22,84.96,Price
SLEEK-0477,2024-02,HK,SME,Growth,2,736.78,Price
SLEEK-0478,2023-07,HK,Startup,Starter,7,69.96,Competition
SLEEK-0479,2024-10,SG,Startup,Growth,24,398.74,Price
SLEEK-0480,2024-12,SG,Startup,Starter,23,75.01,Unknown
SLEEK-0481,2024-06,HK,Startup,Starter,6,70.37,Unknown
SLEEK-0490,2024-05,AU,Startup,Starter,10,84.91,Price
SLEEK-0496,2023-09,SG,Startup,Growth,19,248.48,Price
SLEEK-0497,2024-01,SG,Startup,Starter,3,74.78,Product
SLEEK-0498,2024-09,AU,Startup,Starter,21,84.92,Price
SLEEK-0499,2022-06,SG,SME,Full Compliance,4,1220.15,Price
SLEEK-0500,2023-04,HK,Corporate,Starter,5,69.78,Unknown
SLEEK-0504,2024-02,HK,SME,Growth,1,656.39,Product
SLEEK-0508,2023-08,HK,Startup,Starter,1,71.73,Competition
SLEEK-0510,2023-03,SG,Startup,Starter,14,74.91,Competition
SLEEK-0512,2024-12,AU,Startup,Growth,23,279.68,Competition
SLEEK-0514,2023-12,HK,SME,Starter,2,69.89,Price
SLEEK-0516,2024-09,HK,Startup,Growth,30,269.34,Price
SLEEK-0520,2024-05,SG,Startup,Starter,14,75.15,Price
SLEEK-0527,2024-12,SG,Startup,Growth,10,350.02,Price
SLEEK-0529,2023-02,AU,Startup,Starter,1,83.64,Product
SLEEK-0530,2023-09,UK,Startup,Growth,5,295.74,Product
SLEEK-0533,2024-08,SG,Startup,Starter,20,75.02,Product
SLEEK-0541,2023-10,SG,Startup,Starter,6,74.8,Unknown
SLEEK-0544,2024-04,HK,Startup,Starter,12,69.45,Price
SLEEK-0545,2023-04,SG,SME,Growth,2,1140.4,Product
SLEEK-0548,2023-09,HK,Startup,Starter,20,69.8,Unknown
SLEEK-0558,2023-06,SG,Startup,Growth,8,278.68,Unknown
SLEEK-0564,2024-11,SG,Startup,Growth,9,274.1,Price
SLEEK-0569,2023-07,HK,SME,Starter,9,69.72,Product
SLEEK-0572,2024-03,SG,SME,Full Compliance,26,947.17,Product
SLEEK-0576,2022-06,SG,SME,Growth,1,471.31,Product
SLEEK-0581,2022-07,SG,Startup,Starter,1,75.1,Price
SLEEK-0582,2023-12,HK,Corporate,Growth,10,2964.56,Product
SLEEK-0583,2024-11,AU,SME,Full Compliance,3,1489.57,Unknown
SLEEK-0584,2024-03,UK,Startup,Growth,3,247.36,Price
SLEEK-0590,2024-05,AU,SME,Starter,20,85.44,Unknown
SLEEK-0592,2024-04,HK,Startup,Starter,6,70.13,Product
SLEEK-0603,2024-08,HK,Startup,Starter,2,70.24,Price
SLEEK-0605,2024-02,AU,Corporate,Full Compliance,25,2769.65,Unknown
SLEEK-0612,2024-10,HK,Startup,Starter,3,70.23,Competition
SLEEK-0615,2024-06,HK,Startup,Starter,23,69.93,Unknown
SLEEK-0619,2024-03,SG,Startup,Starter,2,74.91,Unknown
SLEEK-0622,2024-12,AU,SME,Growth,10,400.04,Competition
SLEEK-0623,2023-08,HK,SME,Growth,2,1136.32,Competition
SLEEK-0637,2024-11,SG,Startup,Starter,15,75.02,Product
SLEEK-0642,2024-07,SG,Startup,Starter,17,74.85,Price
SLEEK-0645,2023-10,HK,Startup,Starter,18,70.35,Price
SLEEK-0646,2024-07,SG,Startup,Growth,16,399.17,Price
SLEEK-0648,2023-01,SG,SME,Starter,9,74.83,Product
SLEEK-0650,2023-04,AU,Startup,Starter,15,84.63,Unknown
SLEEK-0652,2023-12,HK,Startup,Growth,21,241.78,Price
SLEEK-0653,2022-06,HK,SME,Growth,5,578.57,Competition
SLEEK-0659,2023-12,HK,Startup,Full Compliance,9,471.25,Product
SLEEK-0660,2023-12,HK,Startup,Starter,5,69.54,Price
SLEEK-0661,2023-03,SG,Startup,Growth,11,348.18,Unknown
SLEEK-0662,2023-09,UK,SME,Starter,8,64.61,Unknown
SLEEK-0664,2024-01,AU,SME,Growth,24,1422.48,Product
SLEEK-0666,2024-04,SG,Startup,Growth,27,351.84,Product
SLEEK-0669,2023-12,SG,Startup,Growth,1,357.21,Price
SLEEK-0671,2023-12,SG,SME,Growth,10,729.55,Product
SLEEK-0674,2024-02,HK,SME,Starter,21,69.9,Unknown
SLEEK-0675,2024-09,AU,Startup,Starter,25,85.28,Product
SLEEK-0679,2023-09,AU,Startup,Starter,5,84.79,Product
SLEEK-0680,2023-04,SG,Startup,Starter,1,75.47,Product
SLEEK-0684,2024-09,SG,SME,Growth,23,368.19,Price
SLEEK-0685,2023-04,SG,Startup,Starter,14,74.99,Product
SLEEK-0686,2023-08,SG,Startup,Starter,6,74.74,Product
SLEEK-0688,2022-09,SG,Startup,Starter,4,75.26,Unknown
SLEEK-0689,2023-04,SG,SME,Growth,13,1051.43,Price
SLEEK-0690,2023-10,SG,SME,Growth,13,287.8,Unknown
SLEEK-0696,2023-12,HK,SME,Starter,20,70.14,Price
SLEEK-0697,2024-07,SG,Startup,Starter,2,74.55,Price
SLEEK-0701,2023-06,AU,SME,Growth,10,704.77,Product
SLEEK-0703,2022-05,AU,Startup,Growth,3,433.59,Product
SLEEK-0704,2023-03,SG,Startup,Growth,12,401.11,Price
SLEEK-0708,2022-05,SG,SME,Full Compliance,3,764.35,Price
SLEEK-0710,2024-10,SG,Startup,Full Compliance,33,494.06,Unknown
SLEEK-0711,2024-03,HK,Startup,Starter,24,69.97,Price
SLEEK-0712,2024-09,HK,Startup,Starter,3,69.33,Product
SLEEK-0720,2022-06,HK,Startup,Full Compliance,4,450.01,Product
SLEEK-0721,2024-11,SG,Startup,Full Compliance,20,544.84,Price
SLEEK-0724,2024-07,UK,Startup,Growth,24,77.82,Product
SLEEK-0729,2022-04,SG,Startup,Growth,2,300.83,Product
SLEEK-0733,2024-11,HK,Startup,Starter,1,69.96,Unknown
SLEEK-0736,2022-04,SG,SME,Full Compliance,3,1287.22,Price
SLEEK-0741,2024-09,AU,Startup,Growth,6,309.13,Product
SLEEK-0743,2023-10,HK,Startup,Growth,3,380.56,Price
SLEEK-0752,2024-08,AU,Startup,Growth,9,310.27,Price
SLEEK-0753,2024-10,SG,Startup,Growth,21,324.89,Product
SLEEK-0757,2022-08,SG,SME,Growth,6,435.71,Product
SLEEK-0759,2024-12,SG,Startup,Full Compliance,26,469.44,Price
SLEEK-0761,2024-12,UK,SME,Full Compliance,20,1124.76,Competition
SLEEK-0766,2024-03,HK,Startup,Starter,17,70.0,Price
SLEEK-0768,2024-07,SG,Startup,Growth,18,349.69,Product
SLEEK-0769,2023-03,UK,Startup,Starter,9,64.95,Unknown
SLEEK-0770,2023-12,HK,Startup,Full Compliance,1,505.92,Unknown
SLEEK-0772,2024-04,SG,SME,Starter,14,74.89,Price
SLEEK-0777,2023-04,SG,Startup,Full Compliance,3,516.47,Price
SLEEK-0779,2023-03,SG,SME,Growth,7,1073.97,Product
SLEEK-0786,2024-02,AU,Startup,Full Compliance,24,412.2,Unknown
SLEEK-0790,2023-06,SG,SME,Starter,16,75.1,Unknown
SLEEK-0791,2024-02,UK,SME,Starter,5,65.27,Unknown
SLEEK-0792,2024-11,AU,SME,Growth,3,1005.01,Product
SLEEK-0802,2024-04,SG,SME,Growth,19,400.81,Price
SLEEK-0803,2024-02,AU,Startup,Starter,3,84.89,Competition
SLEEK-0804,2023-04,SG,Startup,Growth,5,324.37,Product
SLEEK-0805,2024-03,SG,SME,Full Compliance,21,851.35,Product
SLEEK-0808,2023-10,SG,Startup,Growth,21,400.24,Unknown
SLEEK-0809,2023-05,AU,SME,Full Compliance,9,1419.78,Competition
SLEEK-0813,2024-03,SG,SME,Starter,26,75.01,Price
SLEEK-0814,2023-07,HK,Startup,Growth,1,371.47,Competition
SLEEK-0817,2024-12,HK,Startup,Starter,16,70.01,Price
SLEEK-0818,2024-08,SG,Startup,Growth,31,325.22,Product
SLEEK-0819,2022-07,SG,Startup,Starter,2,75.33,Unknown
SLEEK-0822,2024-05,UK,SME,Starter,2,64.6,Price
SLEEK-0823,2023-10,HK,Startup,Full Compliance,9,557.15,Price
SLEEK-0832,2023-02,HK,SME,Growth,2,1213.18,Price
SLEEK-0833,2024-08,SG,SME,Starter,17,74.78,Product
SLEEK-0835,2024-02,HK,Startup,Full Compliance,17,576.89,Price
SLEEK-0838,2024-01,HK,Startup,Starter,13,70.09,Product
SLEEK-0840,2022-06,HK,Startup,Starter,5,70.25,Product
SLEEK-0843,2024-09,UK,SME,Growth,18,632.46,Price
SLEEK-0845,2024-02,UK,SME,Growth,12,1008.26,Product
SLEEK-0847,2022-06,HK,Startup,Growth,3,324.92,Price
SLEEK-0850,2024-02,AU,SME,Full Compliance,3,1352.61,Product
SLEEK-0851,2023-09,AU,SME,Full Compliance,5,875.95,Unknown
SLEEK-0852,2023-08,HK,SME,Full Compliance,15,728.65,Competition
SLEEK-0853,2022-06,AU,Startup,Starter,2,86.5,Price
SLEEK-0859,2023-03,AU,SME,Full Compliance,1,816.06,Product
SLEEK-0863,2023-05,SG,Startup,Full Compliance,6,494.88,Price
SLEEK-0872,2022-10,SG,Startup,Starter,3,74.74,Price
SLEEK-0884,2023-07,SG,Startup,Starter,11,74.95,Competition
SLEEK-0885,2024-03,SG,Startup,Starter,14,75.05,Product
SLEEK-0886,2022-11,SG,Startup,Growth,7,379.41,Price
SLEEK-0893,2024-03,HK,SME,Starter,15,70.08,Competition
SLEEK-0896,2024-05,SG,SME,Growth,28,525.49,Product
SLEEK-0899,2023-04,HK,Startup,Growth,12,297.04,Price
SLEEK-0904,2024-04,SG,Startup,Starter,14,74.93,Price
SLEEK-0906,2023-11,UK,SME,Growth,17,697.19,Price
SLEEK-0914,2023-07,SG,SME,Full Compliance,3,1203.66,Unknown
SLEEK-0915,2024-08,SG,Startup,Full Compliance,17,544.11,Unknown
SLEEK-0916,2024-11,AU,SME,Growth,24,1024.19,Product
SLEEK-0919,2024-01,SG,Startup,Starter,21,75.14,Competition
SLEEK-0921,2023-07,HK,SME,Starter,9,69.6,Product
SLEEK-0922,2022-02,SG,SME,Growth,1,540.84,Price
SLEEK-0928,2024-11,SG,Corporate,Growth,22,1956.82,Price
SLEEK-0929,2024-02,HK,SME,Starter,21,69.63,Product
SLEEK-0930,2024-09,SG,Startup,Growth,16,153.53,Unknown
SLEEK-0932,2023-10,UK,SME,Growth,16,559.01,Competition
SLEEK-0934,2024-09,SG,Startup,Starter,8,75.06,Unknown
SLEEK-0935,2024-10,HK,Startup,Starter,28,69.89,Unknown
SLEEK-0938,2023-05,SG,Startup,Starter,3,75.18,Price
SLEEK-0942,2023-09,SG,Startup,Full Compliance,17,520.03,Price
SLEEK-0945,2024-10,SG,SME,Growth,31,236.77,Price
SLEEK-0946,2023-01,HK,Startup,Starter,4,68.99,Competition
SLEEK-0948,2023-12,SG,SME,Growth,11,652.22,Unknown
SLEEK-0952,2023-11,SG,Startup,Growth,10,400.47,Price
SLEEK-0955,2024-09,HK,Corporate,Full Compliance,7,1838.98,Competition
SLEEK-0956,2024-08,AU,SME,Full Compliance,13,854.92,Price
SLEEK-0958,2023-01,SG,Startup,Growth,11,224.52,Unknown
SLEEK-0965,2023-12,SG,Startup,Full Compliance,21,376.26,Unknown
SLEEK-0969,2024-05,HK,SME,Full Compliance,6,1111.4,Unknown
SLEEK-0971,2024-05,HK,SME,Growth,5,575.56,Competition
SLEEK-0974,2023-12,HK,Startup,Starter,5,69.67,Unknown
SLEEK-0977,2023-08,SG,Startup,Starter,5,74.81,Price
SLEEK-0986,2023-11,SG,Startup,Starter,8,75.1,Product
SLEEK-0988,2024-04,SG,Startup,Starter,21,75.15,Price
SLEEK-0993,2023-11,HK,Startup,Full Compliance,5,472.53,Unknown
SLEEK-1000,2023-02,HK,Startup,Starter,6,69.32,Competition
SLEEK-1004,2022-05,HK,Startup,Starter,3,69.72,Unknown
SLEEK-1008,2023-12,HK,Startup,Starter,7,69.88,Competition
SLEEK-1010,2024-09,SG,Startup,Growth,30,96.03,Price
SLEEK-1012,2024-07,AU,SME,Full Compliance,5,1081.21,Competition
SLEEK-1013,2024-07,AU,Startup,Starter,4,84.38,Price
SLEEK-1015,2023-05,SG,Startup,Starter,15,75.04,Unknown
SLEEK-1017,2023-11,UK,Startup,Starter,8,65.35,Unknown
SLEEK-1019,2024-03,HK,Startup,Starter,4,70.61,Price
SLEEK-1020,2023-02,HK,Startup,Growth,7,360.5,Competition
SLEEK-1021,2022-07,SG,Corporate,Growth,4,3458.86,Competition
SLEEK-1022,2023-01,AU,Startup,Starter,5,85.54,Price
SLEEK-1025,2023-04,HK,Corporate,Full Compliance,10,4272.45,Competition
SLEEK-1027,2023-03,SG,Startup,Starter,9,74.58,Price
SLEEK-1028,2023-09,HK,Startup,Starter,4,69.26,Competition
SLEEK-1035,2024-09,HK,SME,Starter,32,70.1,Price
SLEEK-1038,2023-10,HK,Corporate,Growth,7,4226.79,Product
SLEEK-1039,2024-10,AU,SME,Growth,2,1176.56,Unknown
SLEEK-1041,2024-12,SG,Startup,Growth,32,92.39,Unknown
SLEEK-1044,2024-10,SG,SME,Growth,7,850.79,Product
SLEEK-1052,2023-06,SG,Startup,Starter,16,74.8,Product
SLEEK-1053,2024-04,HK,SME,Growth,11,577.79,Product
SLEEK-1057,2022-07,SG,Startup,Starter,1,74.36,Unknown
SLEEK-1058,2023-03,SG,SME,Starter,14,74.88,Product
SLEEK-1060,2024-03,SG,SME,Growth,19,939.67,Unknown
SLEEK-1065,2023-04,SG,Startup,Starter,14,75.08,Price
SLEEK-1077,2024-02,HK,SME,Starter,11,70.21,Unknown
SLEEK-1080,2022-06,SG,Startup,Growth,4,321.74,Price
SLEEK-1082,2024-06,UK,Corporate,Full Compliance,4,2102.71,Unknown
SLEEK-1084,2023-09,SG,Startup,Starter,18,75.18,Price
SLEEK-1087,2022-12,SG,Startup,Starter,10,75.3,Price
SLEEK-1097,2023-08,SG,Startup,Starter,13,75.41,Price
SLEEK-1102,2023-08,AU,Startup,Growth,3,277.68,Product
SLEEK-1104,2024-03,HK,SME,Growth,5,571.47,Product
SLEEK-1108,2024-11,SG,Startup,Starter,27,75.21,Product
SLEEK-1109,2022-10,SG,Startup,Starter,1,75.96,Product
SLEEK-1110,2022-04,SG,Startup,Starter,3,74.44,Price
SLEEK-1111,2024-04,SG,Startup,Starter,13,75.49,Product
SLEEK-1115,2022-04,AU,Startup,Growth,2,399.66,Price
SLEEK-1116,2022-09,HK,SME,Growth,2,1032.18,Competition
SLEEK-1117,2024-07,UK,Startup,Starter,13,65.2,Price
SLEEK-1120,2024-01,AU,Startup,Full Compliance,17,610.08,Unknown
SLEEK-1124,2023-05,HK,Startup,Starter,6,70.01,Product
SLEEK-1125,2022-11,HK,Startup,Starter,2,70.79,Product
SLEEK-1129,2024-08,HK,SME,Growth,22,741.67,Competition
SLEEK-1130,2023-12,SG,Startup,Growth,5,324.5,Product
SLEEK-1134,2023-08,HK,SME,Starter,16,69.9,Competition
SLEEK-1138,2023-08,HK,Startup,Growth,18,240.22,Competition
SLEEK-1141,2024-04,SG,Startup,Growth,26,276.16,Product
SLEEK-1143,2024-09,UK,Startup,Starter,18,65.19,Price
SLEEK-1144,2024-07,HK,Startup,Growth,4,151.39,Price
SLEEK-1145,2024-10,AU,Startup,Growth,24,210.31,Competition
SLEEK-1150,2023-02,SG,Startup,Starter,3,74.78,Product
SLEEK-1153,2022-07,AU,Startup,Starter,2,84.24,Price
SLEEK-1161,2024-07,AU,Startup,Starter,28,84.88,Price
SLEEK-1164,2023-07,SG,SME,Starter,17,75.02,Product
SLEEK-1166,2024-01,SG,Startup,Full Compliance,14,594.64,Price
SLEEK-1169,2024-05,AU,SME,Full Compliance,15,1274.17,Product
SLEEK-1173,2022-04,HK,Startup,Full Compliance,2,611.14,Price
SLEEK-1175,2024-12,AU,Corporate,Full Compliance,28,2725.52,Competition
SLEEK-1178,2023-04,SG,Startup,Starter,3,74.7,Unknown
SLEEK-1181,2022-05,AU,SME,Starter,2,84.78,Competition
SLEEK-1185,2024-04,AU,Startup,Growth,8,311.07,Unknown
SLEEK-1187,2023-03,HK,Startup,Growth,12,379.71,Product
SLEEK-1188,2024-07,SG,Startup,Starter,21,74.56,Price
SLEEK-1192,2022-10,AU,Startup,Full Compliance,1,672.86,Product
SLEEK-1197,2023-08,HK,SME,Starter,16,69.94,Competition
SLEEK-1199,2023-12,SG,SME,Growth,17,555.19,Product
SLEEK-1201,2024-02,SG,Startup,Starter,10,75.24,Price
SLEEK-1203,2024-07,UK,SME,Growth,19,416.47,Product
SLEEK-1207,2023-04,SG,Startup,Growth,4,247.3,Product
SLEEK-1213,2024-12,SG,SME,Full Compliance,30,1144.26,Product
SLEEK-1214,2023-09,HK,Startup,Growth,12,323.9,Unknown
SLEEK-1215,2023-11,HK,SME,Growth,4,481.04,Price
SLEEK-1219,2024-07,SG,SME,Growth,8,662.47,Product
SLEEK-1221,2024-01,HK,Startup,Growth,23,408.86,Unknown
SLEEK-1223,2024-04,SG,SME,Starter,23,75.06,Competition
SLEEK-1227,2022-05,SG,Startup,Growth,4,249.8,Price
SLEEK-1228,2024-08,HK,Startup,Starter,26,69.91,Price
SLEEK-1229,2024-10,HK,Startup,Starter,2,68.78,Product
SLEEK-1231,2024-07,SG,Startup,Starter,10,74.98,Product
SLEEK-1234,2022-11,HK,SME,Growth,1,943.24,Product
SLEEK-1235,2024-11,SG,Corporate,Full Compliance,9,2355.38,Competition
SLEEK-1236,2024-06,HK,Startup,Starter,5,68.99,Competition
SLEEK-1241,2022-09,SG,Startup,Growth,8,301.69,Product
SLEEK-1242,2024-10,HK,SME,Starter,2,70.15,Price
SLEEK-1243,2024-01,SG,SME,Full Compliance,19,1322.23,Price
SLEEK-1245,2023-09,HK,Startup,Full Compliance,6,586.3,Competition
SLEEK-1248,2023-07,SG,Startup,Starter,1,75.26,Price
SLEEK-1249,2023-11,SG,Startup,Full Compliance,8,545.81,Product
SLEEK-1254,2023-01,SG,SME,Starter,10,74.58,Competition
SLEEK-1255,2023-07,HK,Startup,Starter,18,70.03,Competition
SLEEK-1257,2023-10,SG,SME,Growth,6,772.12,Product
SLEEK-1259,2023-09,SG,Startup,Starter,18,75.21,Product
SLEEK-1266,2024-03,SG,SME,Growth,14,1030.64,Price
SLEEK-1267,2023-07,SG,Startup,Growth,6,274.04,Product
SLEEK-1269,2024-10,AU,Startup,Starter,7,85.15,Product
SLEEK-1271,2024-09,SG,Startup,Starter,31,74.86,Price
SLEEK-1273,2023-04,SG,Startup,Growth,1,405.48,Product
SLEEK-1276,2023-06,SG,Startup,Growth,12,401.3,Price
SLEEK-1277,2023-06,SG,Startup,Full Compliance,10,524.14,Competition
SLEEK-1279,2023-11,SG,Startup,Starter,9,74.66,Competition
SLEEK-1282,2023-11,SG,Startup,Starter,8,75.31,Price
SLEEK-1284,2024-04,SG,SME,Starter,1,74.54,Product
SLEEK-1288,2023-06,SG,Startup,Growth,4,273.65,Price
SLEEK-1289,2024-07,SG,Startup,Starter,23,74.99,Unknown
SLEEK-1292,2024-01,AU,Startup,Starter,3,84.27,Product
SLEEK-1300,2024-02,HK,SME,Growth,24,1311.36,Price
SLEEK-1302,2024-10,SG,Startup,Growth,30,324.75,Price
SLEEK-1306,2022-06,AU,Startup,Starter,3,84.94,Competition
SLEEK-1309,2023-12,SG,Startup,Growth,2,305.73,Product
SLEEK-1314,2024-10,AU,Startup,Starter,8,84.62,Competition
SLEEK-1317,2022-10,SG,Startup,Growth,1,249.3,Product
SLEEK-1318,2024-03,SG,Startup,Starter,12,75.17,Unknown
SLEEK-1325,2022-04,SG,Startup,Starter,1,74.07,Product
SLEEK-1331,2024-07,SG,Startup,Growth,26,300.45,Unknown
SLEEK-1339,2023-02,SG,Startup,Growth,9,376.05,Unknown
SLEEK-1340,2023-12,SG,Startup,Starter,15,74.97,Product
SLEEK-1345,2024-12,SG,Startup,Starter,33,75.19,Product
SLEEK-1348,2024-08,SG,Startup,Starter,6,75.65,Product
SLEEK-1349,2024-11,UK,Startup,Growth,1,296.84,Competition
SLEEK-1352,2024-06,SG,Startup,Full Compliance,16,519.73,Product
SLEEK-1353,2023-10,AU,Startup,Starter,1,86.14,Unknown
SLEEK-1359,2023-07,SG,Startup,Full Compliance,17,570.1,Product
SLEEK-1362,2022-03,SG,Startup,Starter,1,75.04,Product
SLEEK-1366,2024-11,HK,Startup,Starter,5,70.12,Price
SLEEK-1368,2024-12,SG,Startup,Full Compliance,11,463.31,Price
SLEEK-1374,2024-06,SG,SME,Starter,20,75.06,Product
SLEEK-1375,2024-05,AU,SME,Growth,12,820.61,Competition
SLEEK-1377,2022-05,SG,SME,Starter,3,74.81,Product
SLEEK-1378,2023-07,SG,Startup,Growth,4,404.11,Product
SLEEK-1379,2023-04,AU,Startup,Growth,4,458.84,Price
SLEEK-1384,2022-12,AU,SME,Full Compliance,4,726.32,Price
SLEEK-1385,2023-10,SG,SME,Growth,3,1115.51,Product
SLEEK-1387,2022-04,SG,Startup,Starter,2,75.55,Price
SLEEK-1389,2023-03,UK,Startup,Growth,2,342.32,Price
SLEEK-1396,2023-10,SG,Startup,Growth,8,276.16,Product
SLEEK-1397,2024-11,SG,SME,Full Compliance,25,919.33,Price
SLEEK-1398,2023-09,SG,SME,Starter,2,76.95,Price
SLEEK-1401,2023-05,AU,SME,Growth,1,1337.0,Competition
SLEEK-1404,2023-08,AU,Startup,Full Compliance,10,638.33,Product
SLEEK-1406,2023-10,HK,SME,Growth,18,519.27,Price
SLEEK-1408,2024-07,AU,Startup,Growth,22,101.47,Price
SLEEK-1411,2023-09,HK,Startup,Full Compliance,16,474.63,Competition
SLEEK-1415,2022-12,UK,SME,Full Compliance,2,1109.46,Product
SLEEK-1416,2023-08,HK,SME,Full Compliance,13,1068.63,Competition
SLEEK-1421,2023-09,SG,Startup,Starter,1,76.13,Price
SLEEK-1423,2023-02,HK,SME,Full Compliance,10,701.44,Unknown
SLEEK-1426,2024-11,SG,SME,Full Compliance,8,1148.44,Product
SLEEK-1430,2023-09,SG,SME,Starter,6,75.13,Competition
SLEEK-1431,2024-11,HK,Startup,Starter,8,70.23,Unknown
SLEEK-1434,2024-01,SG,Startup,Growth,14,301.24,Competition
SLEEK-1435,2024-05,SG,Startup,Starter,4,74.7,Price
SLEEK-1436,2023-06,SG,Startup,Starter,15,74.67,Price
SLEEK-1441,2024-09,HK,Startup,Starter,2,70.0,Price
SLEEK-1452,2024-07,SG,Startup,Starter,23,75.21,Competition
SLEEK-1462,2022-12,HK,Startup,Growth,11,328.52,Unknown
SLEEK-1467,2024-12,SG,SME,Growth,6,594.79,Unknown
SLEEK-1468,2022-03,SG,SME,Growth,2,529.1,Product
SLEEK-1469,2024-12,SG,SME,Growth,4,472.74,Competition
SLEEK-1470,2024-07,SG,Startup,Full Compliance,4,469.52,Product
SLEEK-1471,2023-09,SG,SME,Growth,11,1073.7,Product
SLEEK-1477,2023-10,AU,SME,Growth,11,783.93,Price
SLEEK-1479,2024-05,UK,Startup,Growth,7,366.87,Price
SLEEK-1482,2023-06,SG,Startup,Starter,6,74.98,Price
SLEEK-1483,2022-07,SG,Startup,Full Compliance,5,571.72,Price
SLEEK-1486,2024-03,HK,Startup,Starter,9,70.02,Price
SLEEK-1487,2022-10,SG,Startup,Starter,7,74.34,Product
SLEEK-1489,2023-09,SG,Corporate,Full Compliance,20,2760.6,Competition
SLEEK-1493,2023-09,SG,Startup,Starter,14,75.45,Price
SLEEK-1506,2024-08,SG,Startup,Full Compliance,4,544.64,Product
SLEEK-1514,2024-12,HK,Corporate,Full Compliance,5,3485.62,Price
SLEEK-1516,2024-05,SG,SME,Growth,14,965.95,Product
SLEEK-1520,2024-04,AU,SME,Full Compliance,14,907.72,Price
SLEEK-1524,2023-10,HK,Startup,Growth,9,407.67,Price
SLEEK-1533,2024-06,UK,Startup,Growth,9,200.69,Product
SLEEK-1537,2023-10,SG,SME,Growth,19,1077.77,Price
SLEEK-1538,2023-12,SG,Startup,Starter,10,74.88,Product
SLEEK-1539,2023-07,SG,SME,Starter,3,74.88,Price
SLEEK-1543,2024-03,SG,Startup,Full Compliance,13,600.71,Product
SLEEK-1545,2024-02,SG,Startup,Full Compliance,11,623.26,Price
SLEEK-1549,2023-04,HK,SME,Growth,6,984.71,Product
SLEEK-1550,2023-10,HK,SME,Full Compliance,3,1024.71,Price
SLEEK-1552,2023-06,HK,SME,Full Compliance,8,1257.35,Product
SLEEK-1555,2023-06,SG,SME,Starter,1,73.51,Competition
SLEEK-1556,2024-11,SG,Startup,Growth,2,295.78,Price
SLEEK-1557,2024-12,SG,Startup,Starter,17,74.84,Competition
SLEEK-1559,2024-05,HK,Startup,Growth,24,211.56,Competition
SLEEK-1563,2023-10,HK,Startup,Starter,7,70.27,Price
SLEEK-1564,2023-08,HK,SME,Starter,5,70.61,Unknown
SLEEK-1568,2024-03,HK,SME,Full Compliance,22,1039.61,Price
SLEEK-1569,2024-11,SG,Startup,Starter,28,75.34,Product
SLEEK-1570,2024-12,HK,Startup,Growth,1,321.46,Unknown
SLEEK-1574,2023-11,SG,Corporate,Full Compliance,18,3171.12,Product
SLEEK-1576,2023-10,HK,Startup,Starter,18,70.64,Product
SLEEK-1577,2023-10,SG,SME,Starter,9,75.42,Competition
SLEEK-1581,2023-07,UK,Startup,Starter,13,65.05,Product
SLEEK-1590,2024-01,HK,Startup,Starter,6,70.39,Competition
SLEEK-1591,2024-03,SG,Startup,Growth,23,275.85,Unknown
SLEEK-1602,2022-04,SG,Startup,Growth,3,294.05,Price
SLEEK-1603,2023-01,AU,SME,Growth,12,1164.65,Price
SLEEK-1608,2024-10,AU,SME,Growth,3,1221.55,Price
SLEEK-1612,2024-06,UK,Startup,Starter,23,65.23,Price
SLEEK-1616,2023-09,SG,SME,Starter,3,75.57,Competition
SLEEK-1619,2024-04,SG,Startup,Full Compliance,9,520.8,Product
SLEEK-1620,2024-03,AU,Startup,Growth,24,370.88,Price
SLEEK-1621,2024-08,SG,Startup,Starter,1,76.48,Product
SLEEK-1622,2023-03,HK,SME,Growth,13,937.99,Competition
SLEEK-1623,2024-01,AU,SME,Growth,10,919.59,Price
SLEEK-1624,2023-03,UK,Startup,Starter,4,65.05,Product
SLEEK-1625,2024-12,SG,Startup,Growth,24,178.16,Product
SLEEK-1626,2023-04,UK,Startup,Growth,7,340.7,Price
SLEEK-1629,2024-01,HK,Startup,Starter,19,69.97,Competition
SLEEK-1631,2024-08,HK,Startup,Starter,8,69.63,Unknown
SLEEK-1632,2022-10,SG,Startup,Growth,7,375.78,Price
SLEEK-1633,2023-10,SG,SME,Growth,3,1096.65,Price
SLEEK-1634,2023-10,SG,SME,Growth,4,1104.97,Product
SLEEK-1635,2023-11,SG,SME,Growth,10,939.84,Competition
SLEEK-1638,2024-09,UK,Startup,Starter,3,65.1,Unknown
SLEEK-1640,2024-04,AU,Startup,Starter,22,84.61,Price
SLEEK-1651,2023-08,HK,SME,Growth,19,662.19,Product
SLEEK-1652,2024-09,AU,SME,Full Compliance,11,1219.47,Price
SLEEK-1654,2023-01,SG,Startup,Starter,12,75.17,Product
SLEEK-1663,2023-09,HK,Startup,Starter,5,70.29,Product
SLEEK-1667,2024-01,AU,Startup,Starter,8,85.11,Price
SLEEK-1668,2024-12,AU,SME,Full Compliance,3,1337.88,Competition
SLEEK-1670,2022-05,SG,Startup,Starter,4,74.48,Unknown
SLEEK-1674,2024-07,AU,Startup,Starter,23,85.07,Product
SLEEK-1675,2024-03,HK,SME,Full Compliance,4,997.48,Price
SLEEK-1697,2023-11,SG,Startup,Starter,4,75.43,Unknown
SLEEK-1698,2022-06,SG,SME,Growth,4,986.03,Competition
SLEEK-1700,2023-09,HK,Startup,Growth,19,407.47,Competition
SLEEK-1703,2024-09,SG,SME,Starter,19,74.8,Product
SLEEK-1705,2023-05,HK,Startup,Growth,8,278.42,Price
SLEEK-1707,2024-11,UK,SME,Full Compliance,4,1328.54,Product
SLEEK-1712,2022-04,SG,SME,Growth,2,523.98,Product
SLEEK-1713,2024-11,SG,Startup,Starter,22,74.81,Competition
SLEEK-1715,2024-04,SG,Startup,Starter,11,75.07,Competition
SLEEK-1717,2023-09,SG,Startup,Full Compliance,20,540.74,Price
SLEEK-1720,2024-01,SG,SME,Starter,10,75.47,Unknown
SLEEK-1723,2023-10,SG,Startup,Full Compliance,13,522.11,Product
SLEEK-1729,2024-10,SG,Startup,Growth,33,275.26,Competition
SLEEK-1732,2024-02,AU,Corporate,Full Compliance,2,2212.15,Competition
SLEEK-1734,2024-09,HK,Startup,Full Compliance,26,403.21,Price
SLEEK-1741,2022-11,SG,Startup,Growth,3,170.42,Product
SLEEK-1742,2024-12,HK,Startup,Starter,6,70.45,Unknown
SLEEK-1749,2024-04,SG,Startup,Growth,6,251.43,Price
SLEEK-1750,2024-07,SG,Startup,Full Compliance,5,520.34,Competition
SLEEK-1754,2024-02,AU,Startup,Growth,9,430.32,Product
SLEEK-1757,2024-05,SG,SME,Growth,2,630.35,Product
SLEEK-1759,2022-11,AU,Startup,Growth,3,283.0,Price
SLEEK-1764,2022-07,AU,SME,Growth,2,1408.78,Competition
SLEEK-1768,2024-08,HK,SME,Growth,23,464.22,Product
SLEEK-1774,2024-04,SG,Startup,Starter,7,74.32,Unknown
SLEEK-1777,2023-06,UK,SME,Growth,2,738.64,Competition
SLEEK-1778,2024-01,SG,Startup,Growth,16,325.0,Price
SLEEK-1779,2024-05,HK,Startup,Growth,6,410.8,Unknown
SLEEK-1785,2024-03,HK,SME,Full Compliance,16,1365.68,Price
SLEEK-1796,2024-10,AU,Startup,Growth,29,395.32,Product
SLEEK-1798,2024-11,HK,Startup,Starter,3,70.77,Product
SLEEK-1800,2024-11,HK,Startup,Starter,32,70.29,Price
SLEEK-1801,2024-12,AU,SME,Full Compliance,19,904.17,Price
SLEEK-1802,2024-07,AU,Corporate,Starter,19,84.82,Unknown
SLEEK-1809,2022-10,HK,SME,Starter,9,69.86,Price
SLEEK-1812,2023-05,SG,Startup,Starter,4,74.44,Price
SLEEK-1813,2024-12,HK,Corporate,Full Compliance,1,3991.76,Competition
SLEEK-1814,2024-03,SG,SME,Growth,24,451.14,Product
SLEEK-1816,2024-07,AU,Startup,Starter,24,84.73,Unknown
SLEEK-1819,2024-03,SG,SME,Starter,2,76.13,Competition
SLEEK-1823,2023-12,SG,SME,Growth,17,1128.77,Product
SLEEK-1826,2023-03,HK,Startup,Growth,1,385.73,Price
SLEEK-1832,2024-12,AU,Startup,Full Compliance,27,480.58,Unknown
SLEEK-1835,2024-06,HK,Startup,Growth,6,358.09,Price
SLEEK-1840,2024-09,SG,Startup,Starter,28,74.87,Product
SLEEK-1841,2024-11,SG,Startup,Starter,24,75.08,Product
SLEEK-1854,2024-10,SG,Startup,Growth,11,349.59,Competition
SLEEK-1856,2023-01,AU,SME,Full Compliance,3,731.94,Competition
SLEEK-1857,2023-09,AU,Startup,Full Compliance,1,713.8,Product
SLEEK-1858,2023-03,SG,Startup,Starter,12,74.91,Product
SLEEK-1861,2023-10,HK,Startup,Full Compliance,16,615.57,Competition
SLEEK-1868,2024-08,SG,Startup,Starter,29,75.01,Price
SLEEK-1871,2024-10,SG,Startup,Growth,2,249.14,Price
SLEEK-1872,2023-12,SG,Startup,Starter,12,75.34,Product
SLEEK-1873,2023-05,SG,SME,Growth,15,778.91,Product
SLEEK-1874,2024-12,SG,Startup,Full Compliance,24,618.07,Product
SLEEK-1875,2022-06,SG,Startup,Starter,5,75.42,Product
SLEEK-1879,2024-05,HK,SME,Growth,12,1200.56,Product
SLEEK-1886,2023-12,HK,Startup,Growth,1,401.57,Price
SLEEK-1889,2024-12,SG,SME,Growth,21,843.08,Competition
SLEEK-1891,2024-12,SG,Startup,Full Compliance,16,458.88,Price
SLEEK-1894,2023-02,SG,Startup,Growth,5,196.94,Product
SLEEK-1903,2024-02,SG,Startup,Starter,3,75.17,Price
SLEEK-1905,2024-11,SG,Startup,Starter,29,75.34,Price
SLEEK-1906,2024-12,AU,SME,Growth,31,999.49,Price
SLEEK-1909,2024-08,AU,Startup,Starter,10,84.94,Price
SLEEK-1912,2022-11,HK,SME,Starter,3,70.27,Price
SLEEK-1919,2022-12,SG,Startup,Full Compliance,3,464.55,Product
SLEEK-1923,2023-12,HK,Startup,Full Compliance,22,586.15,Competition
SLEEK-1929,2024-08,HK,Startup,Full Compliance,26,411.64,Price
SLEEK-1931,2023-02,AU,Startup,Growth,8,398.94,Price
SLEEK-1932,2023-07,SG,Startup,Starter,1,73.51,Product
SLEEK-1934,2024-11,HK,Startup,Full Compliance,7,472.47,Product
SLEEK-1935,2022-11,HK,Startup,Starter,5,69.48,Unknown
SLEEK-1936,2024-02,AU,Startup,Growth,18,369.66,Product
SLEEK-1939,2023-03,UK,SME,Growth,8,1079.0,Product
SLEEK-1950,2024-05,SG,Startup,Full Compliance,10,394.07,Price
SLEEK-1953,2024-08,SG,Startup,Starter,3,75.16,Price
SLEEK-1954,2024-08,AU,Startup,Starter,11,84.59,Price
SLEEK-1956,2024-05,SG,Startup,Growth,11,255.24,Price
SLEEK-1958,2023-10,UK,Startup,Starter,16,65.27,Price
SLEEK-1961,2022-07,AU,SME,Starter,2,84.22,Product
SLEEK-1963,2024-01,AU,Startup,Full Compliance,22,669.04,Price
SLEEK-1974,2022-09,SG,Startup,Growth,4,350.19,Unknown
SLEEK-1980,2024-12,HK,SME,Full Compliance,24,1198.93,Product
SLEEK-1982,2022-10,HK,Startup,Starter,1,69.65,Product
SLEEK-1987,2024-05,HK,Startup,Full Compliance,6,583.48,Price
SLEEK-1989,2024-11,AU,SME,Full Compliance,14,935.69,Unknown
SLEEK-1990,2022-11,SG,SME,Growth,1,764.63,Product
SLEEK-1995,2024-04,SG,Startup,Growth,27,401.24,Unknown
SLEEK-1998,2023-09,HK,Startup,Growth,10,404.41,Product
SLEEK-1999,2024-01,SG,Startup,Starter,10,74.68,Product
